{
  "project_info": {
    "project_number": "281187594343",
    "project_id": "products-5b50b",
    "storage_bucket": "products-5b50b.appspot.com"
  },
  "client": [
    {
      "client_info": {
        "mobilesdk_app_id": "1:281187594343:android:786e8f0b14c8906391a4c2",
        "android_client_info": {
          "package_name": "com.course.shoppinglist"
        }
      },
      "oauth_client": [
        {
          "client_id": "281187594343-n6pnb8540b1j7r6i275bvr2ekq2sj9ln.apps.googleusercontent.com",
          "client_type": 3
        }
      ],
      "api_key": [
        {
          "current_key": "AIzaSyB_Zx3PU0rj40GypN9hYhYrh3qo-Zz5F8A"
        }
      ],
      "services": {
        "appinvite_service": {
          "other_platform_oauth_client": [
            {
              "client_id": "281187594343-n6pnb8540b1j7r6i275bvr2ekq2sj9ln.apps.googleusercontent.com",
              "client_type": 3
            }
          ]
        }
      }
    }
  ],
  "configuration_version": "1"
}